{
  "eye": {
    "orientation": [
      -0.9687354564666748,
      0,
      0,
      -0.24809634685516357
    ],
    "magnitude": 1,
    "position": [
      0,
      -246.11328125,
      -448.97979736328125
    ]
  },
  "radius": 512,
  "type": "ORTHOGRAPHIC"
}